{"cameraMode":{"drawMode":0,"name":"Shaded","section":"Shading Mode"},"sceneLighting":true,"audioPlay":false,"sceneViewState":{"m_AlwaysRefresh":true,"showFog":true,"showSkybox":true,"showFlares":true,"showImageEffects":true,"showParticleSystems":true,"showVisualEffectGraphs":true,"m_FxEnabled":false},"in2DMode":false,"pivot":{"x":20.985034942626954,"y":-8.571971893310547,"z":-2.7177236080169679},"rotation":{"x":0.052424222230911258,"y":0.8220313787460327,"z":-0.07667606323957443,"w":0.5620179176330566},"size":26.77491569519043,"orthographic":false}